subject_id,collected_at,trial_index,target_x,target_y,click_x,click_y,appeared_at,clicked_at,travel_time_ms,error_px
shrey,2026-06-24T10:46:27.947Z,1,133.14588210754704,273.90514883651747,138,282,191721.59999999963,208008.0,16286.400000000373,9.438700963202853
shrey,2026-06-24T10:46:27.947Z,2,451.32027747819495,507.41731382797354,438,497,208099.09999999963,209264.30000000075,1165.2000000011176,16.91006266950529
shrey,2026-06-24T10:46:27.947Z,3,189.369483343506,477.46242802495607,174,475,209355.09999999963,211254.59999999963,1899.5,15.565492925840722
shrey,2026-06-24T10:46:27.947Z,4,645.3817348874527,576.4365268947702,649,582,211345.80000000075,212714.09999999963,1368.2999999988824,6.636571058708905
shrey,2026-06-24T10:46:27.947Z,5,270.7879442146839,124.99282497751797,268,127,212805.19999999925,214027.59999999963,1222.4000000003725,3.435314325511573
shrey,2026-06-24T10:46:27.947Z,6,63.21555439987561,208.26785401919983,74,217,214118.90000000037,215410.30000000075,1291.4000000003725,13.87640588668575
shrey,2026-06-24T10:46:27.947Z,7,486.604089820361,413.8173714907086,491,427,215501.19999999925,216570.40000000037,1069.2000000011176,13.896248440548133
shrey,2026-06-24T10:46:27.947Z,8,381.35587643407104,401.2647541466609,374,405,216661.30000000075,217646.40000000037,985.0999999996275,8.24990785998296
shrey,2026-06-24T10:46:27.947Z,9,319.24710682784615,192.87044835871438,323,190,217737.59999999963,218791.90000000037,1054.300000000745,4.724794275060563
shrey,2026-06-24T10:46:27.947Z,10,364.9888344509194,422.59654884390983,358,418,218882.90000000037,220098.19999999925,1215.2999999988824,8.364930857861687
shrey,2026-06-24T10:46:27.947Z,11,100.11838907859061,484.1705030741702,98,486,220189.19999999925,222410.19999999925,2221.0,2.7990411375884894
shrey,2026-06-24T10:46:27.947Z,12,96.97638460301064,468.96563968911715,94,473,222501.0,223744.69999999925,1243.699999999255,5.013474685591377
shrey,2026-06-24T10:46:27.947Z,13,542.5548623810455,181.88334777949154,555,170,223835.5,225338.30000000075,1502.800000000745,17.207422956476172
shrey,2026-06-24T10:46:27.947Z,14,697.0666668472678,125.02041048746207,702,126,225429.09999999963,226658.59999999963,1229.5,5.029649253071312
shrey,2026-06-24T10:46:27.947Z,15,324.4913168475189,527.3092246712896,311,535,226749.69999999925,228369.59999999963,1619.9000000003725,15.529444788428439
shrey,2026-06-24T10:46:27.947Z,16,627.2454699655849,135.07614901099157,625,137,228460.5,229591.90000000037,1131.4000000003725,2.9569135926253534
shrey,2026-06-24T10:46:27.947Z,17,496.08503709537615,535.5114752936231,498,524,229682.90000000037,230703.0,1020.0999999996275,11.669667791406088
shrey,2026-06-24T10:46:27.947Z,18,672.5516627150697,394.177560081987,679,387,230794.09999999963,231932.30000000075,1138.2000000011176,9.648752378973942
shrey,2026-06-24T10:46:27.947Z,19,682.0510036552972,559.6621650888841,686,569,232023.19999999925,233120.0,1096.800000000745,10.138527159194828
shrey,2026-06-24T10:46:27.947Z,20,300.30930609066127,126.61342216775172,296,110,233211.19999999925,234739.40000000037,1528.2000000011176,17.163214008656844
shrey,2026-06-24T10:46:27.947Z,21,328.5772565519895,219.7294551475684,350,211,234829.90000000037,235620.5,790.5999999996275,23.133035339373127
shrey,2026-06-24T10:46:27.947Z,22,658.6667147806755,291.5326661616931,645,302,235711.09999999963,236724.0,1012.9000000003725,17.214649882553513
shrey,2026-06-24T10:46:27.947Z,23,237.50850641711014,312.43211254902883,228,316,236814.69999999925,237813.69999999925,999.0,10.155861122869998
shrey,2026-06-24T10:46:27.947Z,24,129.27697509076273,190.72306698007773,115,173,237904.30000000075,238924.69999999925,1020.3999999985099,22.758275877635835
shrey,2026-06-24T10:46:27.947Z,25,141.5339529896491,378.5019349125877,144,375,239015.30000000075,239945.19999999925,929.8999999985099,4.283098876895263
shreyandh,2026-06-24T10:59:42.484Z,1,448.5513100190636,348.54832373542604,433,369,230277.0,232275.0,1998.0,25.692689725678104
shreyandh,2026-06-24T10:59:42.484Z,2,406.5144087542115,545.235925935861,416,547,232366.0,233316.0,950.0,9.648232925564516
shreyandh,2026-06-24T10:59:42.484Z,3,363.14305538705423,469.5249076363854,370,496,233407.0,234329.0,922.0,27.34864174117115
shreyandh,2026-06-24T10:59:42.484Z,4,601.2527075127427,598.042412247137,603,588,234419.0,235480.0,1061.0,10.193285769440246
shreyandh,2026-06-24T10:59:42.484Z,5,394.0119076316909,445.06761452151227,408,447,235571.0,236549.0,978.0,14.120936291259763
shreyandh,2026-06-24T10:59:42.484Z,6,484.98291292955025,502.3355639918289,482,500,236640.0,237678.0,1038.0,3.7884863343036943
shreyandh,2026-06-24T10:59:42.484Z,7,336.03712208382564,350.1898914620076,336,359,237771.0,238657.0,886.0,8.810186746052208
shreyandh,2026-06-24T10:59:42.484Z,8,44.43178222963611,538.062511075863,46,537,238749.0,240368.0,1619.0,1.8942641741891681
shreyandh,2026-06-24T10:59:42.484Z,9,265.90047617132865,361.97563807883057,260,371,240458.0,241666.0,1208.0,10.782148539723888
shreyandh,2026-06-24T10:59:42.484Z,10,230.17546980150894,413.78021656101134,235,413,241757.0,243538.0,1781.0,4.887210811723652
shreyandh,2026-06-24T10:59:42.484Z,11,428.83803210118566,266.4814525505685,418,277,243628.0,244670.0,1042.0,15.10307188198058
shreyandh,2026-06-24T10:59:42.484Z,12,449.46609015690973,517.9079157036444,465,528,244760.0,245912.0,1152.0,18.52437638513111
shreyandh,2026-06-24T10:59:42.484Z,13,304.65471391863395,426.9699229478719,302,420,246003.0,246904.0,901.0,7.45837327364756
shreyandh,2026-06-24T10:59:42.484Z,14,66.18234651406401,433.5888445636237,62,427,246995.0,247909.0,914.0,7.804158830219749
shreyandh,2026-06-24T10:59:42.484Z,15,153.8334306730353,369.17295708256785,158,360,248000.0,249054.0,1054.0,10.074891641850776
shreyandh,2026-06-24T10:59:42.484Z,16,61.24707291727695,521.5013578283126,51,513,249144.0,250171.0,1027.0,13.314487909679556
shreyandh,2026-06-24T10:59:42.484Z,17,564.014195612513,176.59840348739613,559,184,250266.0,251491.0,1225.0,8.940122402737835
shreyandh,2026-06-24T10:59:42.484Z,18,656.0262991519973,102.85519872069065,649,90,251582.0,252588.0,1006.0,14.650085799127726
shreyandh,2026-06-24T10:59:42.484Z,19,617.893613846629,424.4768898927197,611,426,252684.0,253809.0,1125.0,7.059870839139674
shreyandh,2026-06-24T10:59:42.484Z,20,84.73903995933675,350.8693464253737,100,344,253900.0,254968.0,1068.0,16.73573487106302
shreyandh,2026-06-24T10:59:42.484Z,21,57.57263270672845,413.9835442240275,63,419,255059.0,256470.0,1411.0,7.390611902160833
shreyandh,2026-06-24T10:59:42.484Z,22,97.34275186207972,551.4565881953374,116,564,256560.0,257615.0,1055.0,22.481772345197303
shreyandh,2026-06-24T10:59:42.484Z,23,344.23069117910836,455.07135331179245,341,470,257714.0,258858.0,1144.0,15.274221991188252
shreyandh,2026-06-24T10:59:42.484Z,24,430.6304550191982,340.8109179878861,436,341,258949.0,259864.0,915.0,5.372873096226877
shreyandh,2026-06-24T10:59:42.484Z,25,70.480191686802,154.23967867563286,78,151,259955.0,261133.0,1178.0,8.18798113020493
akshit,2026-06-24T11:05:19.196Z,1,721.432703416105,437.018719353425,725,451,205288.30000000447,208112.6000000015,2824.2999999970198,14.429200027574675
akshit,2026-06-24T11:05:19.196Z,2,122.7336431536432,557.6467243057468,134,565,208204.20000000298,209212.70000000298,1008.5,13.453678308371476
akshit,2026-06-24T11:05:19.196Z,3,294.8411682783848,296.2141099742907,290,306,209303.20000000298,210512.5,1209.2999999970198,10.91790061755997
akshit,2026-06-24T11:05:19.196Z,4,400.34459305501184,172.9601319113279,400,191,210603.6000000015,211729.80000000447,1126.2000000029802,18.043158953749
akshit,2026-06-24T11:05:19.196Z,5,119.72787774299978,707.1781236000859,120,721,211821.1000000015,212895.70000000298,1074.6000000014901,13.824554883874482
akshit,2026-06-24T11:05:19.196Z,6,316.57133536238564,452.7233254009348,315,458,212986.5,214029.80000000447,1043.3000000044703,5.505668864498062
akshit,2026-06-24T11:05:19.196Z,7,545.5170553038656,799.7906757620544,552,802,214120.1000000015,215095.80000000447,975.7000000029802,6.849064572736241
akshit,2026-06-24T11:05:19.196Z,8,345.079056252485,518.2699305814419,350,538,215186.8999999985,216046.0,859.1000000014901,20.334486141216534
akshit,2026-06-24T11:05:19.196Z,9,690.6289145030436,136.43091997089257,683,148,216137.5,217346.80000000447,1209.3000000044703,13.857992250489998
akshit,2026-06-24T11:05:19.196Z,10,661.6693733624643,256.8545020764042,661,269,217437.5,218679.3999999985,1241.8999999985099,12.163929484769602
akshit,2026-06-24T11:05:19.196Z,11,490.8093906813452,731.0768570726216,501,746,218771.0,219946.5,1175.5,18.070658901003558
akshit,2026-06-24T11:05:19.196Z,12,239.15732184028238,213.53251830447724,240,212,220037.30000000447,221062.3999999985,1025.0999999940395,1.7489193333092465
akshit,2026-06-24T11:05:19.196Z,13,148.1157884599549,462.307136123693,150,470,221153.5,221962.5,809.0,7.920253010291295
akshit,2026-06-24T11:05:19.196Z,14,48.02154264954534,493.6106824994376,33,497,222053.70000000298,222795.8999999985,742.1999999955297,15.399162856848038
akshit,2026-06-24T11:05:19.196Z,15,408.3068173571049,729.5926463930389,419,732,222886.8999999985,223962.6000000015,1075.7000000029802,10.960816868430122
akshit,2026-06-24T11:05:19.196Z,16,194.13183554423617,800.4378520429472,196,815,224053.3999999985,225029.3999999985,976.0,14.681491462275817
akshit,2026-06-24T11:05:19.196Z,17,687.2499659010177,473.70561719885035,688,486,225121.20000000298,226162.80000000447,1041.6000000014901,12.317239934775992
akshit,2026-06-24T11:05:19.196Z,18,80.82882325057071,776.9977693919276,82,777,226253.30000000447,227179.6000000015,926.2999999970198,1.1711788736209927
akshit,2026-06-24T11:05:19.196Z,19,575.7780540350658,677.1049207956762,572,694,227269.80000000447,228179.5,909.6999999955297,17.31234800979495
akshit,2026-06-24T11:05:19.196Z,20,427.78207483178477,580.828749301591,433,585,228271.1000000015,229445.70000000298,1174.6000000014901,6.680275102873522
akshit,2026-06-24T11:05:19.196Z,21,553.3062131124168,857.8408957750237,549,867,229536.5,230480.1000000015,943.6000000014901,10.120902211439917
akshit,2026-06-24T11:05:19.196Z,22,300.35908433667856,109.18427212700169,311,119,230571.1000000015,231679.20000000298,1108.1000000014901,14.476795219615266
akshit,2026-06-24T11:05:19.196Z,23,387.494044600816,805.3440815950235,388,808,231770.20000000298,233096.1000000015,1325.8999999985099,2.703681460500963
akshit,2026-06-24T11:05:19.196Z,24,44.14297869173984,136.40767696372663,50,134,233187.3999999985,234279.80000000447,1092.4000000059605,6.332582961720551
akshit,2026-06-24T11:05:19.196Z,25,675.8456630742281,841.256299896453,680,848,234369.8999999985,235380.80000000447,1010.9000000059605,7.920606440128894
test1,2026-06-25T19:27:50.508Z,1,468.70329976841657,270.66937802393227,455,264,224906.0,227103.0,2197.0,15.240112459204372
test1,2026-06-25T19:27:50.508Z,2,366.685393787663,352.2085361076329,356,347,227193.0,228009.0,816.0,11.887240587366858
test1,2026-06-25T19:27:50.508Z,3,124.57333754732817,517.1373404176131,129,503,228100.0,229118.0,1018.0,14.814173434700043
test1,2026-06-25T19:27:50.508Z,4,659.5747657125768,186.6665222276785,669,188,229209.0,230317.0,1108.0,9.519096823863796
test1,2026-06-25T19:27:50.508Z,5,459.9462780521357,144.89858674274095,455,141,230407.0,231523.0,1116.0,6.297987389612247
test1,2026-06-25T19:27:50.508Z,6,163.61844250282633,509.30552630456725,155,513,231614.0,232653.0,1039.0,9.376923112661627
test1,2026-06-25T19:27:50.508Z,7,663.376381539879,374.9085992645847,674,370,232752.0,234438.0,1686.0,11.70280376347926
test1,2026-06-25T19:27:50.508Z,8,458.33467978226264,155.19537291291115,457,153,234529.0,235791.0,1262.0,2.5692474283191666
test1,2026-06-25T19:27:50.508Z,9,370.0684574453548,408.12456564663955,380,414,235882.0,236830.0,948.0,11.539335611523597
test1,2026-06-25T19:27:50.508Z,10,725.4566292581693,425.52991217383715,720,447,236921.0,238086.0,1165.0,22.152640342050777
test1,2026-06-25T19:27:50.508Z,11,415.8525896850502,242.15238141110189,406,247,238177.0,239243.0,1066.0,10.980570544620528
test1,2026-06-25T19:27:50.508Z,12,462.16700454138936,177.26958323264336,466,182,239334.0,240226.0,892.0,6.088406768491956
test1,2026-06-25T19:27:50.508Z,13,395.9344544603191,582.2767569956518,396,595,240317.0,241706.0,1389.0,12.723411836668166
test1,2026-06-25T19:27:50.508Z,14,476.7839894893456,157.9126530114325,472,161,241796.0,243671.0,1875.0,5.693704142470501
test1,2026-06-25T19:27:50.508Z,15,412.7931483053679,345.99641349065644,412,342,243762.0,244782.0,1020.0,4.074359461634271
test1,2026-06-25T19:27:50.508Z,16,272.16611456550277,257.3820547370249,257,246,244873.0,245744.0,871.0,18.962125435999667
test1,2026-06-25T19:27:50.508Z,17,695.6629008627601,446.26156279719754,695,456,245835.0,247175.0,1340.0,9.760973143430684
test1,2026-06-25T19:27:50.508Z,18,281.065984094495,308.5825307680619,283,298,247266.0,248626.0,1360.0,10.757805304973807
test1,2026-06-25T19:27:50.508Z,19,275.79682296695876,488.6386677931201,273,490,248716.0,249791.0,1075.0,3.1105375879414385
test1,2026-06-25T19:27:50.508Z,20,539.3401180725385,242.5253071987478,543,254,249883.0,251270.0,1387.0,12.044223121732173
test1,2026-06-25T19:27:50.508Z,21,79.57269450684376,415.3097746800227,87,415,251361.0,252420.0,1059.0,7.433762657029885
test1,2026-06-25T19:27:50.508Z,22,267.5078560956864,328.31519449930255,268,330,252512.0,253635.0,1123.0,1.7552137185349863
test1,2026-06-25T19:27:50.508Z,23,92.77191619355726,399.33145048249384,94,422,253726.0,254737.0,1011.0,22.701791274330663
test1,2026-06-25T19:27:50.508Z,24,481.48779331122955,115.54711110807801,466,108,254828.0,255986.0,1158.0,17.22877325084527
test1,2026-06-25T19:27:50.508Z,25,456.6797003688034,373.13795373135883,456,375,256077.0,257018.0,941.0,1.9822232210101864
akshitm,2026-06-26T05:37:31.963Z,1,339.95774363483366,551.8691674674867,340,560,500535.3000000119,502349.10000000894,1813.7999999970198,8.130942336050209
akshitm,2026-06-26T05:37:31.963Z,2,51.959595699313105,189.35783997028432,60,204,502440.40000000596,503482.200000003,1041.7999999970198,16.704518899217298
akshitm,2026-06-26T05:37:31.963Z,3,356.3350178033297,698.0562014199346,363,698,503572.60000000894,504432.5,859.8999999910593,6.665219147299994
akshitm,2026-06-26T05:37:31.963Z,4,109.03616243603466,718.7720175365882,118,714,504523.200000003,505448.8000000119,925.6000000089407,10.154926648807551
akshitm,2026-06-26T05:37:31.963Z,5,146.21638107877146,142.4163691506592,154,128,505540.3000000119,506483.8000000119,943.5,16.383419148608297
akshitm,2026-06-26T05:37:31.963Z,6,48.15931377163809,202.03662074642153,44,198,506574.3000000119,507448.90000000596,874.5999999940395,5.796050215567409
akshitm,2026-06-26T05:37:31.963Z,7,647.6149225218164,403.15141586833835,646,406,507539.40000000596,508415.5,876.0999999940395,3.2745085595588987
akshitm,2026-06-26T05:37:31.963Z,8,318.81913910265496,834.2079383188188,322,836,508506.700000003,509615.90000000596,1109.2000000029802,3.6509397581193497
akshitm,2026-06-26T05:37:31.963Z,9,133.0607630039007,679.8635526414145,139,672,509706.700000003,510582.5,875.7999999970198,9.854440432623816
akshitm,2026-06-26T05:37:31.963Z,10,423.47187345428335,646.9332052593943,419,642,510673.0,511400.200000003,727.2000000029802,6.658390670608005
akshitm,2026-06-26T05:37:31.963Z,11,491.07081328758085,476.68970264796616,494,474,511491.90000000596,512349.8000000119,857.9000000059605,3.9767618901172703
akshitm,2026-06-26T05:37:31.963Z,12,269.62237771035416,358.1860097618756,285,372,512441.90000000596,513282.40000000596,840.5,20.671177846992876
akshitm,2026-06-26T05:37:31.963Z,13,324.07306613073234,769.3485255967337,333,759,513373.40000000596,514400.40000000596,1027.0,13.666825905546986
akshitm,2026-06-26T05:37:31.963Z,14,354.61997277636,668.7413362454542,352,665,514491.8000000119,515215.60000000894,723.7999999970198,4.567477887238991
akshitm,2026-06-26T05:37:31.963Z,15,272.3001686996538,632.9262679656663,268,638,515307.5,515915.8000000119,608.3000000119209,6.650880212551296
akshitm,2026-06-26T05:37:31.963Z,16,605.5018102561935,124.90180305328954,601,121,516006.700000003,516983.200000003,976.5,5.957378840516063
akshitm,2026-06-26T05:37:31.963Z,17,391.55367583131317,575.914541469502,393,563,517074.8000000119,518083.10000000894,1008.2999999970198,12.995277410213811
akshitm,2026-06-26T05:37:31.963Z,18,645.674658113424,690.1329429617264,640,683,518174.10000000894,519283.0,1108.8999999910593,9.114857102527212
akshitm,2026-06-26T05:37:31.963Z,19,644.0515115550191,717.8858622965981,626,715,519374.5,520349.5,975.0,18.280734958308333
akshitm,2026-06-26T05:37:31.963Z,20,514.6001021657405,466.9010135406047,517,476,520440.90000000596,521298.90000000596,858.0,9.410157501505608
akshitm,2026-06-26T05:37:31.963Z,21,237.15340687357133,171.8297680561829,247,169,521389.40000000596,522233.90000000596,844.5,10.245144384010677
akshitm,2026-06-26T05:37:31.963Z,22,398.32816018436375,386.62854448464924,401,393,522324.5,522882.60000000894,558.1000000089407,6.9089922119302445
akshitm,2026-06-26T05:37:31.963Z,23,355.0212671285021,400.0784945250757,360,412,522974.200000003,523682.60000000894,708.4000000059605,12.91936816544771
akshitm,2026-06-26T05:37:31.963Z,24,536.179726872316,640.7094387269254,543,655,523773.700000003,524950.200000003,1176.5,15.834653991663567
akshitm,2026-06-26T05:37:31.963Z,25,302.0867957797973,283.9947875298759,307,292,525042.200000003,526276.5,1234.2999999970198,9.392710066921477
asheesh,2026-06-26T06:02:44.576Z,1,667.840453031877,126.27408127208622,664,137,661450.900000006,667588.200000003,6137.29999999702,11.392735055633695
asheesh,2026-06-26T06:02:44.576Z,2,546.3532926576586,611.5104950448865,557,606,667679.900000006,669722.8000000119,2042.9000000059605,11.988241442062526
asheesh,2026-06-26T06:02:44.576Z,3,608.9768105990509,140.52696129941208,612,151,669814.5,673122.900000006,3308.4000000059605,10.900651988666715
asheesh,2026-06-26T06:02:44.576Z,4,592.3675661450678,836.0534321943904,601,837,673214.6000000089,675072.8000000119,1858.2000000029802,8.684175543504153
asheesh,2026-06-26T06:02:44.576Z,5,588.963535995667,548.6877138376559,585,562,675165.1000000089,676572.5,1407.3999999910593,13.889801310929046
asheesh,2026-06-26T06:02:44.576Z,6,158.5812894463993,620.2946655863515,165,630,676663.8000000119,678456.8000000119,1793.0,11.635865298793016
asheesh,2026-06-26T06:02:44.576Z,7,634.0498921426686,463.74500677807595,638,471,678548.700000003,680638.6000000089,2089.9000000059605,8.26064638722149
asheesh,2026-06-26T06:02:44.576Z,8,443.97474304728445,603.3225339622929,439,610,680730.8000000119,681963.3000000119,1232.5,8.3268614177994
asheesh,2026-06-26T06:02:44.576Z,9,153.6856414826674,482.5820915305891,144,480,682055.5,683788.8000000119,1733.300000011921,10.023913786695658
asheesh,2026-06-26T06:02:44.576Z,10,537.1690912685731,260.5719132053084,534,256,683880.400000006,685305.5,1425.0999999940395,5.562870646116056
asheesh,2026-06-26T06:02:44.576Z,11,359.5914138367845,516.8648700489505,359,520,685397.400000006,686874.200000003,1476.7999999970198,3.190424757976271
asheesh,2026-06-26T06:02:44.576Z,12,717.3384179598717,732.4437131979273,721,733,686966.1000000089,688389.1000000089,1423.0,3.7035979861144024
asheesh,2026-06-26T06:02:44.576Z,13,316.10686938036395,447.78069985466846,325,450,688480.6000000089,690173.3000000119,1692.7000000029802,9.16586413563811
asheesh,2026-06-26T06:02:44.576Z,14,411.6703706863137,783.3228857276498,411,788,690265.1000000089,691791.3000000119,1526.2000000029802,4.7249121445473
asheesh,2026-06-26T06:02:44.576Z,15,385.5227542538841,634.5063921607758,383,643,691883.0,693190.400000006,1307.4000000059605,8.860342157728494
asheesh,2026-06-26T06:02:44.576Z,16,511.8985327918385,109.39512364067042,506,129,693281.700000003,695006.6000000089,1724.9000000059605,20.47300334980175
asheesh,2026-06-26T06:02:44.576Z,17,480.29322888450946,703.0728968372935,472,710,695098.5,696441.3000000119,1342.800000011921,10.80566534543991
asheesh,2026-06-26T06:02:44.576Z,18,147.59548576712535,496.6467975204141,150,508,696532.8000000119,698155.6000000089,1622.7999999970198,11.605037494061444
asheesh,2026-06-26T06:02:44.576Z,19,582.2039617173829,368.9629110408445,588,376,698247.400000006,699972.5,1725.0999999940395,9.116725332740444
asheesh,2026-06-26T06:02:44.576Z,20,700.3270821278194,675.6466118513547,699,674,700064.1000000089,701490.3000000119,1426.2000000029802,2.1148232935636346
asheesh,2026-06-26T06:02:44.576Z,21,581.5571879780828,168.01272425350928,580,175,701581.700000003,703223.200000003,1641.5,7.158690994629046
asheesh,2026-06-26T06:02:44.576Z,22,501.51974261437584,765.8328604089182,507,765,703314.1000000089,704889.8000000119,1575.7000000029802,5.543182973114956
asheesh,2026-06-26T06:02:44.576Z,23,501.99412207874565,526.1170792073337,501,525,704981.0,706589.900000006,1608.9000000059605,1.4953744223126715
asheesh,2026-06-26T06:02:44.576Z,24,336.2621281321804,195.14557361850467,333,190,706681.0,708440.8000000119,1759.800000011921,6.092487818142445
asheesh,2026-06-26T06:02:44.576Z,25,180.89399841992406,491.70239884146145,174,493,708532.3000000119,710039.900000006,1507.5999999940395,7.015054025490897
amehta,2026-06-26T10:03:59.436Z,1,348.735892164751,286.14846944242976,345,299,193415.5,195413.40000000596,1997.9000000059605,13.383524496141135
amehta,2026-06-26T10:03:59.436Z,2,530.6536388252186,681.7248193194047,529,674,195504.30000001192,196563.0,1058.699999988079,7.899832585676624
amehta,2026-06-26T10:03:59.436Z,3,117.19875308457716,195.13666225146574,102,204,196653.40000000596,197797.0,1143.5999999940395,17.594341458847964
amehta,2026-06-26T10:03:59.436Z,4,212.77216021251056,486.24992475554035,222,488,197887.30000001192,199013.20000000298,1125.8999999910593,9.39232614983337
amehta,2026-06-26T10:03:59.436Z,5,614.7914740608146,485.524449623681,604,492,199103.70000000298,200014.0,910.2999999970198,12.585255860787246
amehta,2026-06-26T10:03:59.436Z,6,641.6431629216294,565.4908706579098,657,568,200105.20000000298,200946.20000000298,841.0,15.560468344717552
amehta,2026-06-26T10:03:59.436Z,7,380.94503296098964,470.72266426483645,383,480,201038.0,202162.90000000596,1124.9000000059605,9.502202264441731
amehta,2026-06-26T10:03:59.436Z,8,501.8179757131108,400.8108049060822,506,400,202254.10000000894,203247.10000000894,993.0,4.259898089374683
amehta,2026-06-26T10:03:59.436Z,9,484.8146096205823,661.5531582540322,494,660,203338.5,204345.90000000596,1007.4000000059605,9.3157767783673
amehta,2026-06-26T10:03:59.436Z,10,49.69782022198897,277.62016602406425,57,290,204437.30000001192,205297.0,859.6999999880791,14.372964857054598
amehta,2026-06-26T10:03:59.436Z,11,148.26920883301696,269.69755709656454,158,252,205387.80000001192,206029.80000001192,642.0,20.19633194225122
amehta,2026-06-26T10:03:59.436Z,12,158.14623893965302,380.8434312336278,152,395,206121.40000000596,206945.90000000596,824.5,15.433233372833163
amehta,2026-06-26T10:03:59.436Z,13,519.3195685621524,707.7700713762447,521,707,207037.20000000298,207963.70000000298,926.5,1.8484749773307318
amehta,2026-06-26T10:03:59.436Z,14,188.6246086981238,780.5118437881283,200,783,208054.70000000298,209113.40000000596,1058.7000000029802,11.644331178967564
amehta,2026-06-26T10:03:59.436Z,15,658.3767007498359,554.9647287026603,660,557,209204.70000000298,210196.90000000596,992.2000000029802,2.6033497093856224
amehta,2026-06-26T10:03:59.436Z,16,719.1348280079119,235.5553795495786,725,245,210288.0,211129.60000000894,841.6000000089407,11.117603066726799
amehta,2026-06-26T10:03:59.436Z,17,572.5228474954815,206.94330042056362,580,210,211220.40000000596,212130.5,910.0999999940395,8.077822843734157
amehta,2026-06-26T10:03:59.436Z,18,494.77544944969225,442.33650729396555,496,454,212221.40000000596,213313.10000000894,1091.7000000029802,11.727599334645507
amehta,2026-06-26T10:03:59.436Z,19,670.3239960369482,376.9441232090253,670,379,213404.60000000894,214363.10000000894,958.5,2.0812503000904514
amehta,2026-06-26T10:03:59.436Z,20,489.6335493595054,592.2499072473377,495,604,214454.5,215346.10000000894,891.6000000089407,12.91756448302205
amehta,2026-06-26T10:03:59.436Z,21,686.5930396920745,184.58015045043015,678,193,215437.10000000894,216262.80000001192,825.7000000029802,12.030552671717105
amehta,2026-06-26T10:03:59.436Z,22,539.041864985655,478.48304575816667,543,478,216353.40000000596,217029.70000000298,676.2999999970198,3.987501222102197
amehta,2026-06-26T10:03:59.436Z,23,688.9759115800092,725.5055543180467,685,733,217120.80000001192,218229.70000000298,1108.8999999910593,8.48378388290268
amehta,2026-06-26T10:03:59.436Z,24,705.7080071472666,810.6700026987538,711,816,218321.20000000298,219412.60000000894,1091.4000000059605,7.510929342276701
amehta,2026-06-26T10:03:59.436Z,25,305.66447195310957,578.4588417472235,309,584,219503.10000000894,220362.5,859.3999999910593,6.467625695253727
test-verif,2026-06-26T11:37:02.725Z,1,125.9733463986874,739.5412003146679,135,752,24770.399999999907,26030.899999999907,1260.5,15.385128040979096
test-verif,2026-06-26T11:37:02.725Z,2,359.70861663826093,733.9880709669669,374,750,26122.59999999986,27081.09999999986,958.5,21.462187906899896
test-verif,2026-06-26T11:37:02.725Z,3,199.25153793750698,131.489020941366,198,144,27172.399999999907,28030.09999999986,857.6999999999534,12.573422136180662
test-verif,2026-06-26T11:37:02.725Z,4,478.19218162528796,162.38859678671932,485,176,28121.09999999986,29163.399999999907,1042.3000000000466,15.21895819225398
test-verif,2026-06-26T11:37:02.725Z,5,315.3303281977759,612.1609581146429,319,605,29255.199999999953,30030.899999999907,775.6999999999534,8.046478251738987
test-verif,2026-06-26T11:37:02.725Z,6,454.6144846259439,482.20330523487337,459,464,30122.199999999953,30831.299999999814,709.0999999998603,18.724130595839444
test-verif,2026-06-26T11:37:02.725Z,7,116.58564800559571,609.1475947618758,111,601,30922.899999999907,32030.699999999953,1107.8000000000466,9.878398860451073
test-verif,2026-06-26T11:37:02.725Z,8,188.43914116030302,269.559326608359,181,272,32122.0,32931.299999999814,809.2999999998137,7.829285267990873
test-verif,2026-06-26T11:37:02.725Z,9,113.46050203363039,697.7543965965762,106,707,33022.5,33798.19999999995,775.6999999999534,11.880247172816135
test-verif,2026-06-26T11:37:02.725Z,10,222.63555762836083,712.1295473204827,234,717,33890.09999999986,34665.19999999995,775.1000000000931,12.364136028114725
test-verif,2026-06-26T11:37:02.725Z,11,696.7383362970818,714.8612110710009,704,715,34756.69999999995,35880.799999999814,1124.0999999998603,7.26298988716717
test-verif,2026-06-26T11:37:02.725Z,12,295.16444807107143,614.279325701076,305,621,35971.39999999991,36780.299999999814,808.8999999999069,11.912411375488507
test-verif,2026-06-26T11:37:02.725Z,13,234.04176102166053,604.3078441946898,230,608,36871.09999999986,37730.5,859.4000000001397,5.474289602030603
test-verif,2026-06-26T11:37:02.725Z,14,110.803499173781,426.2961325795737,114,417,37821.799999999814,38581.0,759.2000000001863,9.830345796004833
test-verif,2026-06-26T11:37:02.725Z,15,327.1354897525178,333.2880667820573,323,334,38672.299999999814,39530.69999999995,858.4000000001397,4.196322723527111
test-verif,2026-06-26T11:37:02.725Z,16,599.3180692205742,513.4336924865516,600,522,39622.39999999991,40631.19999999995,1008.8000000000466,8.593407589710262
test-verif,2026-06-26T11:37:02.725Z,17,433.6408549175974,528.4414903511022,435,544,40722.39999999991,41830.59999999986,1108.1999999999534,15.617762254877166
test-verif,2026-06-26T11:37:02.725Z,18,693.8011149170985,628.3711978825886,694,629,41922.299999999814,43063.89999999991,1141.6000000000931,0.6595054048768558
test-verif,2026-06-26T11:37:02.725Z,19,135.80193727106132,436.8176942261549,137,432,43154.59999999986,44114.59999999986,960.0,4.964426649593927
test-verif,2026-06-26T11:37:02.725Z,20,579.547741967885,104.3761186675164,589,107,44206.19999999995,45198.5,992.3000000000466,9.80968578256398
test-verif,2026-06-26T11:37:02.725Z,21,187.84549833767545,648.237530216236,192,646,45290.19999999995,46265.299999999814,975.0999999998603,4.718731347600385
test-verif,2026-06-26T11:37:02.725Z,22,212.72550876911905,592.0417226467928,216,586,46356.09999999986,47081.09999999986,725.0,6.87202338193672
test-verif,2026-06-26T11:37:02.725Z,23,137.56958671773648,370.79181905121305,142,362,47172.59999999986,48130.59999999986,958.0,9.845031441337797
test-verif,2026-06-26T11:37:02.725Z,24,156.89037227391105,428.6625515683893,150,427,48221.39999999991,48830.69999999995,609.3000000000466,7.088110311686457
test-verif,2026-06-26T11:37:02.725Z,25,546.9746333198088,471.4020681583163,550,473,48922.19999999995,49997.39999999991,1075.1999999999534,3.4214367917992465
test-verif,2026-06-26T11:38:31.713Z,1,73.00985014331366,577.8201812382872,87,584,111608.5,112517.0,908.5,15.294262092044793
test-verif,2026-06-26T11:38:31.713Z,2,645.8857701589342,237.54108271830185,645,236,112607.8999999999,113549.0,941.1000000000931,1.7775051952404817
test-verif,2026-06-26T11:38:31.713Z,3,85.44493408000571,694.6113760283056,94,696,113640.19999999995,114466.29999999981,826.0999999998603,8.667031177410873
test-verif,2026-06-26T11:38:31.713Z,4,441.1452702217673,112.72230538815494,454,124,114556.8999999999,115516.5,959.6000000000931,17.100598627808957
test-verif,2026-06-26T11:38:31.713Z,5,280.09442174520655,106.58219901377987,291,112,115608.09999999986,116516.69999999995,908.6000000000931,12.177200195353267
test-verif,2026-06-26T11:38:31.713Z,6,650.1553573092624,177.02445121962302,650,167,116607.79999999981,117449.5,841.7000000001863,10.025654998459835
test-verif,2026-06-26T11:38:31.713Z,7,302.9802579744367,687.8091449496076,306,702,117541.09999999986,118584.59999999986,1043.5,14.50859086755848
test-verif,2026-06-26T11:38:31.713Z,8,680.8865492842395,419.2987431465028,689,416,118675.5,119916.09999999986,1240.5999999998603,8.75841246252269
test-verif,2026-06-26T11:38:31.713Z,9,584.0260445344203,515.2807642974717,568,515,120007.0,120832.8999999999,825.8999999999069,16.02850373584376
test-verif,2026-06-26T11:38:31.713Z,10,348.328708984413,210.10160200845752,343,213,120924.19999999995,121799.69999999995,875.5,6.065958321480753
test-verif,2026-06-26T11:38:31.713Z,11,69.97605427578526,523.5401707577744,65,522,121890.69999999995,122716.3999999999,825.6999999999534,5.2089578726136825
test-verif,2026-06-26T11:38:31.713Z,12,231.79173352586514,169.14730087395247,241,170,122807.29999999981,123549.59999999986,742.3000000000466,9.247662799769369
test-verif,2026-06-26T11:38:31.713Z,13,346.6680005038341,698.5582282373216,347,679,123640.5,125149.5,1509.0,19.561045867964687
test-verif,2026-06-26T11:38:31.713Z,14,213.07189527822587,587.1566939535817,208,590,125240.79999999981,126417.09999999986,1176.3000000000466,5.814508662551705
test-verif,2026-06-26T11:38:31.713Z,15,512.1557255528018,457.3133280350907,506,464,126508.19999999995,127299.59999999986,791.3999999999069,9.088703925627701
test-verif,2026-06-26T11:38:31.713Z,16,135.2398310716119,203.15192888405002,141,209,127390.29999999981,128318.3999999999,928.1000000000931,8.208500585416088
test-verif,2026-06-26T11:38:31.713Z,17,608.4074786851629,559.1888730502253,588,562,128409.79999999981,129349.79999999981,940.0,20.600184975216322
test-verif,2026-06-26T11:38:31.713Z,18,267.2805730675075,558.2819223758524,259,578,129440.8999999999,130267.09999999986,826.1999999999534,21.38622162791358
test-verif,2026-06-26T11:38:31.713Z,19,252.3201831112133,281.6805649436901,244,285,130358.59999999986,131249.7999999998,891.1999999999534,8.957906903801703
test-verif,2026-06-26T11:38:31.713Z,20,216.75489106960896,118.67821849899158,204,120,131340.69999999995,132168.0,827.3000000000466,12.823195878329178
test-verif,2026-06-26T11:38:31.713Z,21,133.7854140540112,197.17401418887792,138,185,132258.7999999998,132950.3999999999,691.6000000000931,12.882909460487845
test-verif,2026-06-26T11:38:31.713Z,22,197.6205099626351,534.2309319183594,179,524,133042.0,133833.2999999998,791.2999999998137,21.246066911000213
test-verif,2026-06-26T11:38:31.713Z,23,405.5814031299014,318.1159332932342,415,321,133924.0,134733.2999999998,809.2999999998137,9.850269426290136
test-verif,2026-06-26T11:38:31.713Z,24,207.83201314357694,557.6783145357513,212,565,134824.3999999999,135518.19999999995,693.8000000000466,8.424914983114459
test-verif,2026-06-26T11:38:31.713Z,25,136.35824380551998,117.72651070583204,130,112,135609.69999999995,136833.3999999999,1223.6999999999534,8.556879638889525
test-verif,2026-06-26T11:44:53.226Z,1,174.5034624250795,738.9561402623143,180,736,47563.39999999991,48787.19999999972,1223.7999999998137,6.2410488351709414
test-verif,2026-06-26T11:44:53.226Z,2,95.03467816647307,737.5260633948973,94,737,48878.0,49670.19999999972,792.1999999997206,1.1607332181112617
test-verif,2026-06-26T11:44:53.226Z,3,714.7226494854191,107.10807649125792,714,103,49761.59999999963,50687.299999999814,925.7000000001863,4.171152686824403
test-verif,2026-06-26T11:44:53.226Z,4,713.2195564907004,378.40376932863865,708,383,50778.69999999972,51637.299999999814,858.6000000000931,6.954790172533978
test-verif,2026-06-26T11:44:53.226Z,5,237.1288553096097,687.9605092287942,246,689,51729.19999999972,52620.09999999963,890.8999999999069,8.931839070497308
test-verif,2026-06-26T11:44:53.226Z,6,119.48107219361518,742.9832288312944,123,746,52711.799999999814,53503.799999999814,792.0,4.63505784115818
test-verif,2026-06-26T11:44:53.226Z,7,104.50267864915574,637.359748250544,117,652,53594.5,54170.299999999814,575.7999999998137,19.248896390019766
test-verif,2026-06-26T11:44:53.226Z,8,315.0932350170135,128.08864802902187,318,123,54261.09999999963,55404.69999999972,1143.6000000000931,5.8603431153461125
test-verif,2026-06-26T11:44:53.226Z,9,358.8206332567445,258.9874168238256,354,274,55495.799999999814,56171.0,675.2000000001863,15.76756666761191
test-verif,2026-06-26T11:44:53.226Z,10,414.1314538228425,467.4125249307076,413,473,56262.0,57520.5,1258.5,5.700882861731941
test-verif,2026-06-26T11:44:53.226Z,11,596.6946662773765,174.17213336441046,606,167,57612.09999999963,58754.59999999963,1142.5,11.748563005162929
test-verif,2026-06-26T11:44:53.226Z,12,331.4740362544842,593.0520345004595,323,603,58845.39999999991,59837.39999999991,992.0,13.067949648753634
test-verif,2026-06-26T11:44:53.226Z,13,423.3253526433344,602.7322028609633,421,600,59928.19999999972,60704.59999999963,776.3999999999069,3.58778446806915
test-verif,2026-06-26T11:44:53.226Z,14,131.91151844997412,670.5952035764739,138,673,60796.19999999972,61637.299999999814,841.1000000000931,6.54619381194978
test-verif,2026-06-26T11:44:53.226Z,15,462.8946668277912,659.5707785505532,475,668,61727.69999999972,62603.89999999991,876.2000000001863,14.750961509474328
test-verif,2026-06-26T11:44:53.226Z,16,209.1021021762869,202.925926118855,218,204,62695.69999999972,63687.39999999991,991.7000000001863,8.962489630866868
test-verif,2026-06-26T11:44:53.226Z,17,464.8519660529602,130.94480586348652,477,128,63778.09999999963,64772.5,994.4000000003725,12.499864413346867
test-verif,2026-06-26T11:44:53.226Z,18,516.4453332788112,467.0604200059797,533,460,64863.59999999963,65654.8999999999,791.3000000002794,17.997403171304338
test-verif,2026-06-26T11:44:53.226Z,19,131.11191912942178,664.9738305182285,139,654,65746.5,66620.3999999999,873.8999999999069,13.51468742012132
test-verif,2026-06-26T11:44:53.226Z,20,611.7681224917281,238.61977295484033,608,237,66711.69999999972,67587.5,875.8000000002794,4.101513322896773
test-verif,2026-06-26T11:44:53.226Z,21,229.54249238210616,555.9952189745081,228,567,67678.59999999963,68638.8999999999,960.3000000002794,11.112357453208627
test-verif,2026-06-26T11:44:53.226Z,22,570.3105485685879,574.8784367365406,569,582,68729.69999999972,69537.5,807.8000000002794,7.241146377893647
test-verif,2026-06-26T11:44:53.226Z,23,604.9701155205144,421.1286973077301,606,403,69629.19999999972,70471.59999999963,842.3999999999069,18.157927417973262
test-verif,2026-06-26T11:44:53.226Z,24,426.9607088650917,690.1142687951765,430,705,70562.59999999963,71705.59999999963,1143.0,15.192836604959217
test-verif,2026-06-26T11:44:53.226Z,25,298.9444011393721,569.1242540786604,299,571,71796.69999999972,72921.3999999999,1124.7000000001863,1.8765697415031262
test-verif,2026-06-26T12:05:50.468Z,1,51.1680878569923,445.5163476147024,58,441,38332.299999999814,39442.5,1110.2000000001863,8.189775290360785
test-verif,2026-06-26T12:05:50.468Z,2,601.350336855121,285.34869266290923,607,282,39533.59999999963,40309.59999999963,776.0,6.567528926561826
test-verif,2026-06-26T12:05:50.468Z,3,405.89334946394956,248.81404683767576,421,243,40401.09999999963,41042.59999999963,641.5,16.186847470988305
test-verif,2026-06-26T12:05:50.468Z,4,115.67385483849237,132.57391699685718,132,140,41133.59999999963,42309.89999999991,1176.3000000002794,17.93571087535104
test-verif,2026-06-26T12:05:50.468Z,5,479.09113633172143,226.8025741992496,469,242,42402.19999999972,43243.0,840.8000000002794,18.242609008436883
test-verif,2026-06-26T12:05:50.468Z,6,253.02730356696532,417.0091396808864,268,401,43334.299999999814,44075.69999999972,741.3999999999069,21.919721526468827
test-verif,2026-06-26T12:05:50.468Z,7,398.5883866425588,696.4551299162918,397,686,44166.69999999972,45176.799999999814,1010.1000000000931,10.575098755699546
test-verif,2026-06-26T12:05:50.468Z,8,236.4117986596167,388.42918122744965,230,389,45269.09999999963,45925.69999999972,656.6000000000931,6.437157456716303
test-verif,2026-06-26T12:05:50.468Z,9,461.49405174702645,256.11751317683877,458,256,46017.09999999963,46742.69999999972,725.6000000000931,3.4960273107670803
test-verif,2026-06-26T12:05:50.468Z,10,603.203358797299,624.5339795123397,591,630,46834.09999999963,47710.299999999814,876.2000000001863,13.371587262069394
test-verif,2026-06-26T12:05:50.468Z,11,151.81017341990895,326.2228037706902,156,331,47802.5,48743.89999999991,941.3999999999069,6.354230919990983
test-verif,2026-06-26T12:05:50.468Z,12,334.06242622650444,393.002355924798,327,381,48835.5,49526.19999999972,690.6999999997206,13.926033604381088
test-verif,2026-06-26T12:05:50.468Z,13,718.6410176217253,702.7252760472647,731,702,49617.799999999814,50660.19999999972,1042.3999999999069,12.380245182194145
test-verif,2026-06-26T12:05:50.468Z,14,672.443046454202,638.3463903890764,665,642,50751.59999999963,51877.5,1125.9000000003725,8.291429533466577
test-verif,2026-06-26T12:05:50.468Z,15,463.3569809998768,361.5517812975352,455,367,51968.89999999991,52660.39999999991,691.5,9.976082320339435
test-verif,2026-06-26T12:05:50.468Z,16,657.225627059395,396.18411238706483,657,399,52752.5,53827.09999999963,1074.5999999996275,2.82491249751439
test-verif,2026-06-26T12:05:50.468Z,17,396.22851177876316,625.5901022352355,402,630,53919.19999999972,54676.39999999991,757.2000000001863,7.263420308886909
test-verif,2026-06-26T12:05:50.468Z,18,153.62188514237886,397.2663639674451,156,395,54768.59999999963,55910.89999999991,1142.3000000002794,3.2850929833068547
test-verif,2026-06-26T12:05:50.468Z,19,343.6005986223627,526.843086729454,340,548,56001.39999999991,56760.09999999963,758.6999999997206,21.461111098374385
test-verif,2026-06-26T12:05:50.468Z,20,391.13364789397224,442.837920767148,398,453,56851.299999999814,57559.5,708.2000000001863,12.264364866503044
test-verif,2026-06-26T12:05:50.468Z,21,544.3928391063462,442.699491563286,523,442,57651.5,58460.799999999814,809.2999999998137,21.404271851131085
test-verif,2026-06-26T12:05:50.468Z,22,491.7564553685459,599.4683448682675,479,606,58552.59999999963,59326.09999999963,773.5,14.331422550800424
test-verif,2026-06-26T12:05:50.468Z,23,138.8452737735268,273.3421646336109,141,269,59417.299999999814,60244.09999999963,826.7999999998137,4.8473950547105735
test-verif,2026-06-26T12:05:50.468Z,24,116.32954753212499,108.86497012722963,116,106,60335.799999999814,61143.69999999972,807.8999999999069,2.883861197396263
test-verif,2026-06-26T12:05:50.468Z,25,425.2114659005494,383.8038638722863,415,374,61234.69999999972,62110.799999999814,876.1000000000931,14.155909814081305
test-verif,2026-06-27T05:08:35.954Z,1,367.81477247456536,570.4196828050847,375,580,30463.099999997765,31358.199999999255,895.1000000014901,11.975390271195916
test-verif,2026-06-27T05:08:35.954Z,2,107.38075178996203,117.9398173186383,103,120,31449.199999999255,32857.89999999851,1408.699999999255,4.8410059828343766
test-verif,2026-06-27T05:08:35.954Z,3,698.9497753174791,515.8166788954479,706,516,32948.599999997765,33825.0,876.4000000022352,7.052607652592167
test-verif,2026-06-27T05:08:35.954Z,4,240.66404241148993,500.55569115310175,244,495,33915.89999999851,34708.099999997765,792.1999999992549,6.4803022476572
test-verif,2026-06-27T05:08:35.954Z,5,650.9672984849229,521.280101389882,645,539,34798.89999999851,35675.099999997765,876.1999999992549,18.697685898555058
test-verif,2026-06-27T05:08:35.954Z,6,376.74576578192085,103.76038421490864,372,96,35765.89999999851,36658.39999999851,892.5,9.096474922729906
test-verif,2026-06-27T05:08:35.954Z,7,238.58692462808952,530.4016351794025,234,534,36749.39999999851,37658.300000000745,908.9000000022352,5.8299319829555065
test-verif,2026-06-27T05:08:35.954Z,8,477.65095837363225,300.00201755496073,482,294,37749.0,38575.0,826.0,7.4120427547293755
test-verif,2026-06-27T05:08:35.954Z,9,255.25600415930032,191.1703354776564,251,190,38665.800000000745,39591.5,925.6999999992549,4.413984201856963
test-verif,2026-06-27T05:08:35.954Z,10,135.49159046659975,565.9204814717085,142,558,39682.5,40607.89999999851,925.3999999985099,10.251508249917823
test-verif,2026-06-27T05:08:35.954Z,11,537.4967519273541,447.5060002065874,521,445,40699.39999999851,41575.39999999851,876.0,16.686007946422595
test-verif,2026-06-27T05:08:35.954Z,12,641.8900643751425,607.4926110198044,635,606,41666.699999999255,42674.89999999851,1008.1999999992549,7.0498847331037595
test-verif,2026-06-27T05:08:35.954Z,13,455.66849168461437,666.1461629596685,467,671,42766.0,43591.599999997765,825.5999999977648,12.327319851279443
test-verif,2026-06-27T05:08:35.954Z,14,69.92628111860877,228.83170025196,86,243,43682.39999999851,44875.099999997765,1192.699999999255,21.42673928595537
test-verif,2026-06-27T05:08:35.954Z,15,652.4409131280995,135.9942769304062,650,147,44965.89999999851,45974.800000000745,1008.9000000022352,11.273153825949418
test-verif,2026-06-27T05:08:35.954Z,16,340.505601751192,616.0404685377748,348,615,46065.800000000745,46974.89999999851,909.0999999977648,7.566279131107697
test-verif,2026-06-27T05:08:35.954Z,17,229.60596634040942,198.6507397972485,229,212,47065.800000000745,48258.300000000745,1192.5,13.36300651674145
test-verif,2026-06-27T05:08:35.954Z,18,635.5732406563533,138.41693402411659,630,132,48349.099999997765,49157.89999999851,808.8000000007451,8.49929724644892
test-verif,2026-06-27T05:08:35.954Z,19,528.8231152547735,269.7443313811316,549,273,49249.300000000745,50041.39999999851,792.0999999977648,20.437858404882814
test-verif,2026-06-27T05:08:35.954Z,20,351.5754735780594,164.09844201064843,348,176,50132.39999999851,50891.5,759.1000000014901,12.427030774939734
test-verif,2026-06-27T05:08:35.954Z,21,44.128117411608144,369.7820027281205,37,375,50982.39999999851,52246.099999997765,1263.699999999255,8.833886651016806
test-verif,2026-06-27T05:08:35.954Z,22,714.8673461320628,738.8722168336744,733,744,52338.199999999255,53425.300000000745,1087.1000000014901,18.84376014746708
test-verif,2026-06-27T05:08:35.954Z,23,599.5367016577326,155.81503720791412,605,154,53516.800000000745,54392.199999999255,875.3999999985099,5.756907923767291
test-verif,2026-06-27T05:08:35.954Z,24,271.2478250664585,448.6049877875927,285,449,54483.800000000745,55508.39999999851,1024.5999999977648,13.757846853729605
test-verif,2026-06-27T05:08:35.954Z,25,614.6516303561025,378.7322684311669,618,376,55600.099999997765,56874.5,1274.4000000022352,4.321674450039668
test-verif,2026-06-27T09:46:34.188Z,1,446.70115752730555,124.35507877846752,439.5,120,15967.89999999851,17331.89999999851,1364.0,8.415662831870556
test-verif,2026-06-27T09:46:34.188Z,2,289.00369565066296,347.47029110545077,280.5,355,17423.39999999851,18249.69999999553,826.2999999970198,11.358228548315005
test-verif,2026-06-27T09:46:34.188Z,3,531.1378399570035,124.2023597265024,525.5,142,18341.0,19265.10000000149,924.1000000014901,18.669259189523544
test-verif,2026-06-27T09:46:34.188Z,4,395.3677539168683,233.68750444519452,396.5,226,19356.39999999851,20016.19999999553,659.7999999970198,7.770437940531573
test-verif,2026-06-27T09:46:34.188Z,5,276.4021080246899,142.82181420061923,279.5,157,20107.60000000149,21064.79999999702,957.1999999955297,14.512680222910355
test-verif,2026-06-27T09:46:34.188Z,6,76.61964666488146,348.2974129627761,70.5,349,21156.89999999851,22332.69999999553,1175.7999999970198,6.159846089625114
test-verif,2026-06-27T09:46:34.188Z,7,264.7168527399308,232.6508982792247,259.5,235,22423.79999999702,23215.89999999851,792.1000000014901,5.721348739997678
test-verif,2026-06-27T09:46:34.188Z,8,572.46896103826,241.5989812512828,573.5,248,23308.19999999553,24264.79999999702,956.6000000014901,6.483523915437895
test-verif,2026-06-27T09:46:34.188Z,9,568.7711659117548,592.6392027318868,571.5,598,24355.19999999553,25732.29999999702,1377.1000000014901,6.01537054810248
test-verif,2026-06-27T09:46:34.188Z,10,327.48520189093324,353.17821465006017,330.5,350,25823.69999999553,26847.89999999851,1024.2000000029802,4.380645614551535
test-verif,2026-06-27T09:46:34.188Z,11,297.49313257053757,385.6249099448086,292.5,373,26939.29999999702,27649.10000000149,709.8000000044703,13.576440033436258
test-verif,2026-06-27T09:46:34.188Z,12,609.7291868314855,114.38339333947407,606.5,121,27741.10000000149,28881.10000000149,1140.0,7.36254923873218
test-verif,2026-06-27T09:46:34.188Z,13,534.3906965123326,271.98630047335365,526.5,270,28972.10000000149,29869.60000000149,897.5,8.136859407669718
test-verif,2026-06-27T09:46:34.188Z,14,566.1092125586572,443.887172965696,573.5,457,29961.89999999851,31332.10000000149,1370.2000000029802,15.052241422282759
test-verif,2026-06-27T09:46:34.188Z,15,176.75166249603853,530.0486553248288,183.5,538,31424.10000000149,32766.19999999553,1342.0999999940395,10.42899521577923
test-verif,2026-06-27T09:46:34.188Z,16,183.48539692702508,419.6087911270221,173.5,418,32858.39999999851,33815.89999999851,957.5,10.114166336412847
test-verif,2026-06-27T09:46:34.188Z,17,500.22845939399366,598.0073610215079,487.5,594,33907.60000000149,35048.5,1140.8999999985099,13.344385369931668
test-verif,2026-06-27T09:46:34.188Z,18,340.9067765120084,536.0880369656122,324.5,538,35141.0,35949.60000000149,808.6000000014901,16.517806094026383
test-verif,2026-06-27T09:46:34.188Z,19,110.39494837517609,526.376017778789,97.5,522,36041.89999999851,36898.19999999553,856.2999999970198,13.617239999307266
test-verif,2026-06-27T09:46:34.188Z,20,519.119020244492,384.91309451223105,515.5,399,36989.79999999702,37999.39999999851,1009.6000000014901,14.544353328745078
test-verif,2026-06-27T09:46:34.188Z,21,189.45853501551005,128.07454607251358,195.5,133,38091.89999999851,39781.89999999851,1690.0,7.794831335610122
test-verif,2026-06-27T09:46:34.188Z,22,102.02869738187096,535.2156495727388,93.5,541,39873.29999999702,40932.69999999553,1059.3999999985099,10.305211734694693
test-verif,2026-06-27T09:46:34.188Z,23,126.1700654752522,199.86729417408228,130.5,205,41024.29999999702,42049.39999999851,1025.1000000014901,6.715132320662988
test-verif,2026-06-27T09:46:34.188Z,24,288.45415840668113,312.8352585162664,293.5,321,42140.0,43132.5,992.5,9.598099857839957
test-verif,2026-06-27T09:46:34.188Z,25,342.73118837906134,590.495196627214,338.5,585,43225.10000000149,44332.29999999702,1107.1999999955297,6.935426524075345
test-verif,2026-06-28T15:55:12.302Z,1,317.93892351920425,139.9633471106864,317,156,52419,54943,2524,16.06411570137755
test-verif,2026-06-28T15:55:12.302Z,2,434.39620102872635,486.810472394573,449,510,55035,56298,1263,27.40483780204205
test-verif,2026-06-28T15:55:12.302Z,3,517.5272796162544,200.92763100334253,513,195,56388,57489,1101,7.4587579418788135
test-verif,2026-06-28T15:55:12.302Z,4,289.7010944408851,531.3787273551404,295,523,57580,58603,1023,9.913701236984982
test-verif,2026-06-28T15:55:12.302Z,5,607.8112662206751,498.2007036553819,599,495,58694,59538,844,9.374588860381271
test-verif,2026-06-28T15:55:12.302Z,6,637.002155005142,475.1939245268872,637,480,59630,60619,989,4.806075956256161
test-verif,2026-06-28T15:55:12.302Z,7,550.9881942076447,465.9657667832155,550,479,60709,61537,828,13.071639657730447
test-verif,2026-06-28T15:55:12.302Z,8,222.8043351859252,359.2250660695573,219,351,61628,62639,1011,9.062266717298206
test-verif,2026-06-28T15:55:12.302Z,9,218.62444182674682,481.15868062125594,219,484,62730,64137,1407,2.866032057309164
test-verif,2026-06-28T15:55:12.302Z,10,706.0440259840968,261.6156395976931,697,278,64228,65223,995,18.714744769664957
test-verif,2026-06-28T15:55:12.302Z,11,309.67999079284925,191.1439723292356,293,200,65314,66154,840,18.88521429465074
test-verif,2026-06-28T15:55:12.302Z,12,556.7370382261895,112.78634304841489,572,120,66245,67403,1158,16.881790447815444
test-verif,2026-06-28T15:55:12.302Z,13,651.260851528991,464.01957296749265,623,452,67494,68815,1321,30.7106799577045
test-verif,2026-06-28T15:55:12.302Z,14,300.3280075098181,162.91386112772432,311,162,68905,70119,1214,10.711048775505784
test-verif,2026-06-28T15:55:12.302Z,15,403.65059861981854,161.71676980692862,394,165,70210,71148,938,10.193804698028062
test-verif,2026-06-28T15:55:12.302Z,16,366.1042743558777,197.1095090129278,371,202,71240,72142,902,6.9199011320358705
test-verif,2026-06-28T15:55:12.302Z,17,566.439021603399,107.4109876954859,587,116,72234,73184,950,22.282840146457662
test-verif,2026-06-28T15:55:12.302Z,18,408.87695151512236,440.038809707979,409,445,73276,74570,1294,4.962715994621706
test-verif,2026-06-28T15:55:12.302Z,19,454.39705515359753,242.60884470791243,455,235,74661,75567,906,7.632696789269845
test-verif,2026-06-28T15:55:12.302Z,20,348.64225173695945,218.09592695759395,353,225,75659,76597,938,8.164324497403989
test-verif,2026-06-28T15:55:12.302Z,21,675.5100234367507,321.6644134982264,688,339,76688,78489,1801,21.3663771826436
test-verif,2026-06-28T15:55:12.302Z,22,51.94352246869694,108.98752530556021,42,101,78579,80160,1581,12.754379623974097
test-verif,2026-06-28T15:55:12.302Z,23,255.22887932002442,238.18400978912993,258,242,80253,81165,912,4.716024927038079
test-verif,2026-06-28T15:55:12.302Z,24,501.2942727291993,155.61682235621134,501,145,81262,82198,936,10.620899838643588
test-verif,2026-06-28T15:55:12.302Z,25,723.1269220174884,450.73183870529164,725,453,82289,83287,998,2.941594259476137
sp1,2026-06-28T16:02:26.056Z,1,685.4948753591244,159.82098280787372,663,162,217641,219558,1917,22.600166666335117
sp1,2026-06-28T16:02:26.056Z,2,682.5099400646333,615.8387758986794,688,635,219649,220961,1312,19.932216814869058
sp1,2026-06-28T16:02:26.056Z,3,172.23789214269993,548.4389009538678,184,547,221052,222170,1118,11.849793972968543
sp1,2026-06-28T16:02:26.056Z,4,309.6742522470507,105.18335859490142,308,113,222261,223235,974,7.993935416467644
sp1,2026-06-28T16:02:26.056Z,5,86.93580011047735,189.21329646444588,101,192,223326,224183,857,14.33762306407582
sp1,2026-06-28T16:02:26.056Z,6,629.5681152494554,146.17776210305965,648,148,224275,225368,1093,18.52174199178907
sp1,2026-06-28T16:02:26.056Z,7,301.9110611334246,614.6901004472528,305,608,225460,226524,1064,7.3687846566290895
sp1,2026-06-28T16:02:26.056Z,8,180.15609094239792,298.02094015269563,177,301,226615,227885,1270,4.3400123975061815
sp1,2026-06-28T16:02:26.056Z,9,346.67912495095385,133.36783678601387,348,139,227978,229068,1090,5.784978250967869
sp1,2026-06-28T16:02:26.056Z,10,437.72788822693656,472.0403900142961,433,470,229160,230575,1415,5.149380399314526
sp1,2026-06-28T16:02:26.056Z,11,632.6355677081102,212.5387217643912,620,202,230667,231844,1177,16.453638738391287
sp1,2026-06-28T16:02:26.056Z,12,72.04384802220497,176.0053389426394,53,176,231935,232884,949,19.043848770591218
sp1,2026-06-28T16:02:26.056Z,13,214.87228584438037,138.18161071200956,226,140,232975,234018,1043,11.275307620276081
sp1,2026-06-28T16:02:26.056Z,14,126.04923027372125,208.6581188728935,125,212,234111,235038,927,3.5027208902514215
sp1,2026-06-28T16:02:26.056Z,15,222.08577177925233,441.31295519670056,216,433,235129,236017,888,10.30251630678131
sp1,2026-06-28T16:02:26.056Z,16,599.2155411325439,202.63174441287455,615,193,236108,237207,1099,18.491069254463206
sp1,2026-06-28T16:02:26.056Z,17,676.8510283884845,482.3054256363262,680,487,237298,238345,1047,5.652879855984374
sp1,2026-06-28T16:02:26.056Z,18,572.0818898389971,262.5454681777311,579,257,238436,240054,1618,8.866367097633619
sp1,2026-06-28T16:02:26.056Z,19,338.26014931013447,542.544452694345,328,526,240146,241134,988,19.46765468210464
sp1,2026-06-28T16:02:26.056Z,20,601.4472102819591,359.7768357577159,590,359,241225,242207,982,11.473538993434236
sp1,2026-06-28T16:02:26.056Z,21,669.253005055353,279.24975278153363,668,276,242298,243295,997,3.4829462829371596
sp1,2026-06-28T16:02:26.056Z,22,497.29098821282525,438.3111578445943,503,440,243386,244301,915,5.9535706439056915
sp1,2026-06-28T16:02:26.056Z,23,53.81210991246634,204.40541147995998,53,199,244392,245579,1187,5.46607681775597
sp1,2026-06-28T16:02:26.056Z,24,354.0536735114883,609.8103508746018,370,630,245671,247062,1391,25.727558381721785
sp1,2026-06-28T16:02:26.056Z,25,479.8387695820656,174.61437351599312,489,164,247155,248075,920,14.021164998226887
test-verif,2026-06-28T16:15:45.185Z,1,99.00377735236489,453.1414266200603,105,454,548409,549902,1493,6.057378499710352
test-verif,2026-06-28T16:15:45.185Z,2,555.5409099470382,120.97969809418824,560,126,549993,550998,1005,6.714679093294012
test-verif,2026-06-28T16:15:45.185Z,3,66.70070672148883,229.16896712582647,55,230,551090,551933,843,11.730181303809884
test-verif,2026-06-28T16:15:45.185Z,4,303.0230823070008,212.16879763670389,289,228,552024,552902,878,21.148848802158255
test-verif,2026-06-28T16:15:45.185Z,5,110.06022278450979,206.47462047676285,116,196,552992,553849,857,12.041537588774792
test-verif,2026-06-28T16:15:45.185Z,6,652.1674507474565,136.52039905740463,648,119,553941,555234,1293,18.009220662293558
test-verif,2026-06-28T16:15:45.185Z,7,69.60463221860566,166.92493207618148,62,169,555325,556308,983,7.882660595808736
test-verif,2026-06-28T16:15:45.185Z,8,461.26876906355363,402.3458677087239,453,396,556398,557511,1113,10.423175082622691
test-verif,2026-06-28T16:15:45.185Z,9,647.4400623654124,102.77275615229053,648,113,557601,559046,1445,10.242560562434518
test-verif,2026-06-28T16:15:45.185Z,10,629.9919656159121,373.1993698533375,621,385,559136,560154,1018,14.836115310149967
test-verif,2026-06-28T16:15:45.185Z,11,580.9285853161072,159.65859304643106,579,162,560244,561329,1085,3.033418507843109
test-verif,2026-06-28T16:15:45.185Z,12,511.8084950919366,150.8039457352023,518,154,561420,562504,1084,6.967746830224582
test-verif,2026-06-28T16:15:45.185Z,13,586.4942359835246,151.70567038220386,590,153,562595,563524,929,3.7370670985035708
test-verif,2026-06-28T16:15:45.185Z,14,409.19695711709676,417.17625780831696,415,424,563615,564828,1213,8.95760929039491
test-verif,2026-06-28T16:15:45.185Z,15,709.6534276958291,305.7114924282265,694,316,564919,566152,1233,18.731876218974723
test-verif,2026-06-28T16:15:45.185Z,16,467.83105798414084,472.46981560186475,472,465,566248,567388,1140,8.554427079440089
test-verif,2026-06-28T16:15:45.185Z,17,184.1343134810887,370.4978417332893,180,366,567479,568487,1008,6.109265767474082
test-verif,2026-06-28T16:15:45.185Z,18,247.94369491363966,286.247592063792,246,281,568577,569571,994,5.595996103043818
test-verif,2026-06-28T16:15:45.185Z,19,207.99913087787837,493.7041887832669,217,481,569662,570711,1049,15.569587585881866
test-verif,2026-06-28T16:15:45.185Z,20,550.4305213064574,200.51646358461088,546,197,570801,572597,1796,5.656415401017463
test-verif,2026-06-28T16:15:45.185Z,21,594.5939006650827,133.24712661295035,586,131,572697,573895,1198,8.882832130347804
test-verif,2026-06-28T16:15:45.185Z,22,489.11900143656396,164.37874057184575,487,161,573986,574875,889,3.9882395790620087
test-verif,2026-06-28T16:15:45.185Z,23,439.52005223034496,401.1365232994475,432,402,574966,576056,1090,7.56946349218445
test-verif,2026-06-28T16:15:45.185Z,24,388.2712756615975,162.11975746739463,385,161,576148,577197,1049,3.4576149640967992
test-verif,2026-06-28T16:15:45.185Z,25,44.82281063092321,261.0117389578436,44,261,577288,578400,1112,0.8228943659373907
